time,MM,YYYY,CFC-11,---,CFC-12,---,CFC-113,---,CH3CCl3,---,CCl4,---,N2O,---,CH4,---,CHCl3,---
1978.542,7,1978,147.067,6.349,268.552,11.092,0,0,71.805,10.458,88.972,1.348,299.316,0.823,0,0,0,0
1978.625,8,1978,148.527,5.784,269.862,11.241,0,0,71.088,10.246,89.489,1.784,299.441,0.561,0,0,0,0
1978.708,9,1978,148.925,5.412,271.445,9.476,0,0,69.845,8.76,89.393,1.479,299.889,0.49,0,0,0,0
1978.792,10,1978,149.67,5.189,273.775,9.159,0,0,70.845,8.261,88.964,1.188,300.557,0.582,0,0,0,0
1978.875,11,1978,150.647,4.904,276.78,7.185,0,0,71.945,7.771,88.941,0.657,300.598,0.467,0,0,0,0
1978.958,12,1978,152.607,5.623,280.265,8.52,0,0,74.768,9.833,90.429,1.471,300.255,0.528,0,0,0,0
1979.042,1,1979,153.245,4.635,283.425,8.146,0,0,74.405,8.975,91.107,1.915,301.152,0.463,0,0,0,0
1979.125,2,1979,152.836,4.366,283.455,7.83,0,0,74.29,9.603,90.733,2.051,301.215,0.451,0,0,0,0
1979.208,3,1979,152.893,4.699,284.052,7.396,0,0,74.815,9.23,89.528,1.213,300.63,0.256,0,0,0,0
1979.292,4,1979,154.167,4.881,285.533,7.573,0,0,75.941,9.633,90.063,1.294,300.577,0.283,0,0,0,0
1979.375,5,1979,155.072,5.354,286.657,8.251,0,0,76.582,9.587,90.854,1.887,300.672,0.456,0,0,0,0
1979.458,6,1979,155.525,5.281,286.92,7.935,0,0,76.62,9.148,90.952,1.991,300.84,0.353,0,0,0,0
1979.542,7,1979,156.427,5.586,289.312,9.026,0,0,76.863,9.113,91.018,1.863,300.637,0.154,0,0,0,0
1979.625,8,1979,157.453,5.588,291.99,9.326,0,0,78.075,9.075,90.879,1.832,300.42,0.131,0,0,0,0
1979.708,9,1979,157.625,5.464,291.58,8.618,0,0,76.977,8.067,90.659,1.652,300.657,0.286,0,0,0,0
1979.792,10,1979,158.609,5.495,293.93,9.4,0,0,78.702,8.512,91.189,1.453,300.882,0.383,0,0,0,0
1979.875,11,1979,159.629,5.414,295.9,9.961,0,0,80.055,8.64,90.971,2.093,300.99,0.23,0,0,0,0
1979.958,12,1979,160.264,5.486,296.553,9.286,0,0,79.574,9.936,91.959,2.001,300.862,0.292,0,0,0,0
1980.042,1,1980,161.303,5.039,297.938,8.387,0,0,81.455,10.163,92.595,2.118,300.952,0.281,0,0,0,0
1980.125,2,1980,161.702,4.584,299.283,6.994,0,0,81.607,9.482,92.195,1.909,300.735,0.192,0,0,0,0
1980.208,3,1980,163.217,4.962,302.04,7.71,0,0,83.545,10.276,92.592,2.142,301.05,0.335,0,0,0,0
1980.292,4,1980,163.974,4.897,303.579,7.538,0,0,83.678,10.266,92.44,1.742,300.561,0.182,0,0,0,0
1980.375,5,1980,164.995,4.745,304.787,7.555,0,0,84.726,9.728,92.791,1.734,300.329,0.463,0,0,0,0
1980.458,6,1980,165.288,4.77,306.788,8.388,0,0,85.175,9.532,92.704,1.7,300.7,0.302,0,0,0,0
1980.542,7,1980,166.001,4.683,309.24,8.926,0,0,85.181,8.898,92.421,1.816,301.151,0.358,0,0,0,0
1980.625,8,1980,166.76,4.789,309.9,8.539,0,0,84.971,8.05,92.425,1.794,300.926,0.284,0,0,0,0
1980.708,9,1980,167.635,4.665,311.158,8.645,0,0,84.935,7.574,92.491,1.653,301.452,0.265,0,0,0,0
1980.792,10,1980,167.726,4.821,311,9.679,0,0,86.156,8.136,92.428,1.967,301.841,0.69,0,0,0,0
1980.875,11,1980,169.544,4.575,313.304,8.785,0,0,87.565,8.679,93.091,1.893,301.807,0.27,0,0,0,0
1980.958,12,1980,170.126,4.32,314.415,8.572,0,0,87.901,8.666,93.4,1.925,301.496,0.175,0,0,0,0
1981.042,1,1981,170.785,4.178,315.323,8.237,0,0,87.711,8.382,93.659,1.974,301.406,0.187,0,0,0,0
1981.125,2,1981,170.99,4.415,315.801,8.536,0,0,88.509,8.569,93.533,2.263,301.099,0.192,0,0,0,0
1981.208,3,1981,171.233,3.947,315.771,7.494,0,0,88.055,7.852,93.792,2.314,301.159,0.168,0,0,0,0
1981.292,4,1981,172.077,4.488,318.004,8.186,0,0,89.368,8.876,94.12,2.404,301.567,0.324,0,0,0,0
1981.375,5,1981,172.707,4.506,319.049,7.977,0,0,89.997,9.241,94.091,2.428,301.259,0.327,0,0,0,0
1981.458,6,1981,173.293,4.109,319.789,7.552,0,0,90.099,8.679,93.919,2.032,301.004,0.353,0,0,0,0
1981.542,7,1981,173.981,4.436,321.177,8.3,0,0,89.978,8.618,94.041,2.078,300.592,0.485,0,0,0,0
1981.625,8,1981,175.092,4.542,324.095,8.424,0,0,89.899,8.063,94.032,1.861,301.2,0.442,0,0,0,0
1981.708,9,1981,176.238,4.535,326.139,8.249,0,0,90.321,7.948,94.037,1.929,301.467,0.448,0,0,0,0
1981.792,10,1981,177,4.718,327.391,9.201,0,0,90.585,8.24,93.881,2.306,301.626,0.554,0,0,0,0
1981.875,11,1981,178.092,4.72,328.851,9.065,0,0,90.863,8.241,94.173,2.403,301.989,0.465,0,0,0,0
1981.958,12,1981,178.979,4.408,329.761,7.764,0,0,91.87,8.491,94.03,1.904,302.013,0.317,0,0,0,0
1982.042,1,1982,178.926,4.035,331.18,7.253,0,0,92.24,8.623,94.069,1.629,302.441,0.303,0,0,0,0
1982.125,2,1982,179.182,4.134,332.114,7.109,0,0,92.869,8.421,94.314,1.259,302.764,0.263,0,0,0,0
1982.208,3,1982,179.445,4.368,333.049,7.262,0,0,93.119,9.037,94.258,1.254,302.906,0.308,0,0,0,0
1982.292,4,1982,180.219,4.491,335.348,7.964,0,0,94.991,10.049,94.647,1.412,303.372,0.569,0,0,0,0
1982.375,5,1982,180.93,4.202,336.247,7.518,0,0,94.764,9.114,94.921,1.346,303.686,0.618,0,0,0,0
1982.458,6,1982,181.695,4.011,338.541,7.982,0,0,95.01,8.752,94.996,1.349,304.057,0.748,0,0,0,0
1982.542,7,1982,182.257,4.18,339.486,8.168,0,0,95.298,8.855,95.089,1.492,303.925,0.588,0,0,0,0
1982.625,8,1982,183.222,4.266,341.136,7.948,0,0,94.706,7.776,95.229,1.536,303.549,0.203,0,0,0,0
1982.708,9,1982,183.748,4.279,342.401,8.303,0,0,94.165,7.34,95.086,1.572,303.495,0.249,0,0,0,0
1982.792,10,1982,184.766,4.626,343.974,8.553,0,0,94.981,7.928,95.368,1.675,303.68,0.308,0,0,0,0
1982.875,11,1982,185.643,4.846,345.95,8.387,0,0,95.601,8.465,95.139,1.899,303.785,0.326,0,0,0,0
1982.958,12,1982,186.093,4.839,348.024,9.038,0,0,96.756,9.663,95.556,2.189,303.671,0.258,0,0,0,0
1983.042,1,1983,186.457,4.484,348.256,8.045,0,0,96.13,9.041,95.64,2.025,303.693,0.217,0,0,0,0
1983.125,2,1983,187.008,4.277,349.042,7.93,0,0,96.06,9.072,95.919,2.007,303.736,0.352,0,0,0,0
1983.208,3,1983,187.975,4.135,350.259,7.518,0,0,96.788,8.666,96.315,1.786,303.671,0.428,0,0,0,0
1983.292,4,1983,189.051,4.63,351.188,7.751,0,0,98.339,9.743,95.875,1.508,303.633,0.392,0,0,0,0
1983.375,5,1983,189.723,4.588,352.489,7.656,0,0,98.842,9.505,95.821,1.42,303.469,0.343,0,0,0,0
1983.458,6,1983,190.475,4.466,353.889,6.979,0,0,98.728,8.833,95.745,1.392,303.263,0.303,0,0,0,0
1983.542,7,1983,191.598,4.759,356.244,7.586,0,0,99.03,8.535,95.779,1.421,303.375,0.312,0,0,0,0
1983.625,8,1983,192.671,5.202,359.415,7.978,0,0,99.121,8.264,96.293,1.565,303.864,0.17,0,0,0,0
1983.708,9,1983,192.798,4.635,360.628,7.928,0,0,98.471,7.433,96.339,1.587,303.639,0.139,0,0,0,0
1983.792,10,1983,193.536,4.814,362.019,8.018,0,0,98.614,7.671,96.539,1.756,303.579,0.121,0,0,0,0
1983.875,11,1983,194.156,4.771,363.111,7.835,0,0,98.849,8.195,96.607,1.788,303.804,0.128,0,0,0,0
1983.958,12,1983,195.132,4.566,364.966,7.7,0,0,101.006,9.205,96.824,1.7,303.898,0.154,0,0,0,0
1984.042,1,1984,195.339,3.993,365.125,6.429,0,0,100.952,8.646,96.785,1.415,303.835,0.208,0,0,0,0
1984.125,2,1984,196.42,4.283,365.857,7.01,0,0,101.588,8.872,96.675,1.396,303.848,0.153,0,0,0,0
1984.208,3,1984,196.96,4.123,366.642,7.04,0,0,102.743,8.982,96.743,1.401,303.665,0.198,0,0,0,0
1984.292,4,1984,197.732,4.095,368.14,6.851,0,0,102.33,9.264,97,1.506,303.755,0.189,0,0,0,0
1984.375,5,1984,197.735,4.367,369.432,7.347,34.546,1.896,102.875,10.158,97.312,1.611,304.155,0.201,0,0,0,0
1984.458,6,1984,198.33,4.171,370.965,7.552,34.863,1.875,103.47,9.858,97.375,1.675,304.13,0.243,0,0,0,0
1984.542,7,1984,199.293,4.234,372.75,7.738,35.03,1.8,103.357,9.306,97.302,1.574,303.943,0.206,0,0,0,0
1984.625,8,1984,200.008,4.209,374.413,7.809,35.009,1.621,103.23,8.463,97.29,1.456,304.013,0.275,0,0,0,0
1984.708,9,1984,201.081,4.207,376.682,8.034,35.598,1.812,102.982,7.864,97.515,1.53,304.155,0.337,0,0,0,0
1984.792,10,1984,201.845,4.749,378.412,9.118,36.24,2.148,103.493,8.207,97.713,1.645,304.2,0.505,0,0,0,0
1984.875,11,1984,202.395,4.577,379.92,8.373,36.683,2.317,103.69,8.241,97.91,1.659,304.24,0.661,0,0,0,0
1984.958,12,1984,204.024,4.402,382.648,8.045,37.3,2.221,106.007,9.429,98.393,1.671,304.29,0.425,0,0,0,0
1985.042,1,1985,203.938,4.071,383.492,7.587,37.935,2.279,105.878,9.34,98.408,1.545,304.325,0.332,0,0,0,0
1985.125,2,1985,204.283,3.954,384.323,6.834,37.823,2.135,105.997,9.309,98.46,1.397,304.42,0.248,0,0,0,0
1985.208,3,1985,205.095,4.2,385.633,7.046,38.343,2.134,106.827,9.914,98.478,1.384,304.302,0.294,0,0,0,0
1985.292,4,1985,205.723,4.176,386.295,6.536,38.848,2.103,106.65,9.47,98.387,1.272,304.495,0.476,0,0,0,0
1985.375,5,1985,206.915,4.35,388.247,7.055,39.292,2.035,107.765,9.632,98.605,1.27,304.573,0.544,0,0,0,0
1985.458,6,1985,206.405,3.993,388.595,6.856,39.56,2.102,106.44,8.638,98.247,1.208,304.345,0.535,0,0,0,0
1985.542,7,1985,208.061,4.232,391.95,7.618,39.938,2.067,107.295,8.951,98.35,1.169,304.555,0.368,0,0,0,0
1985.625,8,1985,209.426,4.697,393.445,7.682,40.486,1.98,107.63,8.558,98.457,1.247,304.295,0.335,0,0,0,0
1985.708,9,1985,210.16,4.854,394.885,8.076,0,0,107.165,7.912,98.502,1.237,304.27,0.426,0,0,0,0
1985.792,10,1985,211.663,4.574,395.8,7.969,40.704,1.721,107.5,8.386,98.59,1.19,304.747,0.331,0,0,0,0
1985.875,11,1985,211.693,4.704,397.138,8.206,40.923,1.963,107.855,8.931,98.725,1.274,304.422,0.333,0,0,0,0
1985.958,12,1985,212.868,4.439,399.67,8.201,42.1,2.245,109.378,9.737,99.04,1.245,304.573,0.324,0,0,0,0
1986.042,1,1986,213.285,3.995,400.047,7.315,42.197,1.917,108.818,8.835,99.068,1.089,304.628,0.35,0,0,0,0
1986.125,2,1986,214.416,4.108,401.668,7.307,42.545,1.75,109.488,9.006,99.47,1.314,304.913,0.563,0,0,0,0
1986.208,3,1986,215.039,4.285,402.703,7.445,42.865,1.622,109.385,9.868,99.603,1.44,305.013,0.609,0,0,0,0
1986.292,4,1986,216.605,4.634,405.525,7.07,43.53,1.383,111.425,10.054,100.177,1.545,305.335,0.588,0,0,0,0
1986.375,5,1986,217.458,4.903,406.133,7.175,43.903,1.626,110.543,9.572,99.982,1.444,304.778,0.323,1659.207,39.162,0,0
1986.458,6,1986,219.094,4.925,410.075,6.495,44.562,2.023,111.337,9.791,100.247,1.504,305.527,0.232,1652.992,30.369,0,0
1986.542,7,1986,219.371,5.112,410.97,7.401,44.67,1.689,110.982,9.029,100.44,1.604,305.535,0.304,1650.822,23.93,0,0
1986.625,8,1986,220.151,5.116,412.585,7.448,45.12,1.584,109.395,7.821,100.238,1.671,305.56,0.488,1648.518,20.166,0,0
1986.708,9,1986,222.471,5.741,417.228,8.765,45.792,1.583,110.315,7.821,100.562,1.566,305.845,0.377,1668.842,33.912,0,0
1986.792,10,1986,222.758,5.724,417.922,8.959,46.589,1.277,109.963,8.288,100.665,1.576,305.675,0.522,1673.331,33.769,0,0
1986.875,11,1986,223.012,6.088,418.51,9.278,46.666,1.1,109.568,8.868,101.14,1.782,305.622,0.361,1671.706,27.35,0,0
1986.958,12,1986,224.425,6.005,420.528,9.893,46.619,1.682,111.1,9.963,101.222,1.822,305.588,0.358,1674.934,35.095,0,0
1987.042,1,1987,225.669,5.644,421.538,9.379,46.734,2.44,110.378,9.983,100.966,1.453,305.607,0.339,1686.927,47.415,0,0
1987.125,2,1987,226.672,5.591,421.309,8.445,46.981,2.157,110.47,9.823,101.054,1.356,305.391,0.314,1681.624,43.799,0,0
1987.208,3,1987,226.86,5.365,421.868,8.032,48.484,2.098,111.129,9.401,100.963,1.402,305.497,0.21,1681.168,38.952,0,0
1987.292,4,1987,227.15,5.47,422.809,9.017,50.15,2.185,113.051,9.871,100.975,1.545,305.557,0.342,1681.894,39.409,0,0
1987.375,5,1987,228.551,5.59,424.574,8.93,49.857,2.644,113.857,10.179,101.765,1.093,305.666,0.293,1678.928,33.53,0,0
1987.458,6,1987,230.183,6.229,427.605,7.869,51.269,2.621,114.934,10.407,101.312,1.315,305.739,0.149,1670.304,28.732,0,0
1987.542,7,1987,231.133,6.052,429.374,7.8,51.894,2.7,114.981,9.814,101.227,1.286,305.653,0.154,1662.717,22.142,0,0
1987.625,8,1987,232.404,5.873,430.716,7.454,52.214,2.859,114.404,8.808,101.269,1.217,305.696,0.16,1663.596,22.287,0,0
1987.708,9,1987,233.688,6.278,432.689,8.648,52.514,2.594,114.061,8.505,101.565,1.328,306.009,0.319,1676.852,31.65,0,0
1987.792,10,1987,234.704,6.673,435.329,9.511,52.776,2.742,114.661,8.863,101.335,1.423,306.185,0.416,1692.248,39.812,0,0
1987.875,11,1987,235.068,5.878,436.835,9.114,52.541,1.718,115.036,9.125,101.58,1.343,306.237,0.399,1685.771,36.011,0,0
1987.958,12,1987,236.048,5.714,438.339,8.797,53.55,1.862,116.277,9.583,101.765,1.282,306.39,0.36,1687.05,38.054,0,0
1988.042,1,1988,237.306,5.483,440.656,9.167,54.771,2.165,117.089,10.046,101.94,1.274,306.504,0.263,1691.889,44.917,0,0
1988.125,2,1988,237.195,5.579,441.599,8.909,54.996,2.464,118.004,10.287,102.005,1.312,306.066,0.516,1692.348,42.909,0,0
1988.208,3,1988,237.779,4.7,442.68,7.926,55.83,2.47,118.287,10.382,102.647,1.167,306.334,0.264,1689.534,45.644,0,0
1988.292,4,1988,238.947,4.49,444.764,7.614,57.119,2.767,119.506,10.144,102.69,1.363,306.566,0.275,1687.974,37.345,0,0
1988.375,5,1988,239.702,5.1,447.486,7.711,57.41,3.194,120.324,11.087,102.566,1.673,306.776,0.217,1683.579,35.065,0,0
1988.458,6,1988,240.539,5.178,448.117,7.818,57.466,3.403,120.471,10.71,102.664,1.605,306.88,0.249,1678.768,29.807,0,0
1988.542,7,1988,241.415,5.351,450.1,7.401,58.074,3.226,120.599,10.263,102.835,1.555,306.86,0.172,1675.314,21.832,0,0
1988.625,8,1988,242.763,5.451,453.079,6.88,58.639,3.006,119.763,9.054,103.061,1.311,306.897,0.186,1681.792,22.299,0,0
1988.708,9,1988,243.833,5.431,455.295,7.26,58.85,2.521,119.3,8.447,103.036,1.324,307.159,0.295,1692.874,28.738,0,0
1988.792,10,1988,242.962,4.66,456.641,7.547,59.252,2.37,118.391,7.93,102.771,1.215,307.166,0.244,1696.136,30.458,0,0
1988.875,11,1988,243.692,5.205,458.833,8.887,60.526,2.362,120.58,9.383,103.005,1.403,307.112,0.287,1715.856,41.42,0,0
1988.958,12,1988,244.561,5.41,460.431,9.069,61.292,2.385,121.67,10.147,103.09,1.434,307.265,0.213,1708.672,38.15,0,0
1989.042,1,1989,245.207,5.005,461.177,8.324,61.46,1.947,121.134,9.237,103.065,1.216,307.269,0.238,1710.341,39.617,0,0
1989.125,2,1989,246.232,4.564,463.13,6.896,61.985,2.107,121.827,9.418,102.989,1.052,307.065,0.354,1709.172,39.644,0,0
1989.208,3,1989,246.726,4.195,463.719,6.125,63.235,2.07,122.339,9.332,103.425,1.323,307.07,0.419,1709.175,38.211,0,0
1989.292,4,1989,247.71,4.606,465.706,6.883,63.35,2.456,123.275,10.46,103.773,1.508,307.323,0.424,1716.08,42.889,0,0
1989.375,5,1989,248.396,4.412,467.099,6.619,63.88,2.478,123.825,10.341,103.901,1.522,307.302,0.411,1709.129,36.474,0,0
1989.458,6,1989,248.762,4.704,468.024,7.241,64.363,2.695,123.573,10.481,103.81,1.683,307.451,0.542,1709.613,32.548,0,0
1989.542,7,1989,250.642,4.931,470.792,6.892,65.064,2.833,125.18,9.901,104.975,2.224,307.976,0.49,1726.515,34.051,0,0
1989.625,8,1989,250.855,4.425,472.472,6.926,65.618,2.825,124.236,8.814,104.752,2.113,307.961,0.247,1727.602,33.539,0,0
1989.708,9,1989,251.582,4.241,474.175,7.058,65.76,2.559,123.469,8.013,104.617,2.096,308.063,0.264,1720.689,27.693,0,0
1989.792,10,1989,251.962,3.921,474.624,6.485,66.244,2.342,123.568,8.13,104.544,2.009,307.906,0.125,1707.563,20.958,0,0
1989.875,11,1989,252.953,4.303,476.669,6.81,66.873,2.631,125.187,9.604,104.745,2.023,308.176,0.164,1703.876,20.241,0,0
1989.958,12,1989,253.325,4.334,477.719,6.432,66.973,2.914,125.729,10.212,104.755,1.523,308.181,0.299,1709.677,28.969,0,0
1990.042,1,1990,253.689,4.227,479.006,6.71,67.406,2.882,125.883,10.666,104.863,1.463,308.081,0.196,1702.359,31.064,0,0
1990.125,2,1990,254.001,3.996,479.83,6.023,68.015,2.73,126.209,10.838,104.914,1.346,308.108,0.229,1699.507,31.417,0,0
1990.208,3,1990,255.115,4.091,480.833,5.483,68.551,2.508,126.231,10.956,105.175,1.402,308.329,0.32,1715.545,42.09,0,0
1990.292,4,1990,256.549,4.408,482.274,5.354,69.288,2.43,127.442,11.249,105.212,1.571,308.643,0.512,1716.375,38.877,0,0
1990.375,5,1990,256.945,4.417,484.38,6.062,70.04,2.612,129.265,11.82,105.061,1.599,308.956,0.513,1712.334,33.209,0,0
1990.458,6,1990,257.678,3.653,485.331,5.923,71.532,2.081,129.963,11.633,105.075,1.297,308.976,0.411,1712.132,26.776,0,0
1990.542,7,1990,257.678,3.211,486.347,5.687,72.315,2.163,128.357,10.027,104.901,1.236,309.006,0.283,1710.22,21.925,0,0
1990.625,8,1990,258.304,3.466,487.783,5.807,72.223,2.295,128.511,9.557,104.874,1.3,308.914,0.331,1715.745,22.228,0,0
1990.708,9,1990,259.406,3.565,489.602,5.915,72.318,2.143,128.467,9.173,104.959,1.299,309.229,0.223,1730.357,30.42,0,0
1990.792,10,1990,259.3,3.088,489.934,5.189,72.376,1.905,127.626,8.63,104.709,1.155,309.241,0.226,1737.707,36.047,0,0
1990.875,11,1990,260.172,3.44,491.659,5.632,73.382,2.267,130.137,10.531,104.757,1.073,309.494,0.263,1740.614,41.347,0,0
1990.958,12,1990,260.162,3.283,491.815,5.947,73.541,2.236,131.215,11.495,105.233,1.384,309.52,0.304,1738.161,41.507,0,0
1991.042,1,1991,259.515,3.583,492.395,6.278,73.457,2.325,129.163,11.023,104.912,1.028,309.408,0.307,1731.76,43.373,0,0
1991.125,2,1991,259.485,4.212,492.855,6.704,74.014,2.545,127.544,11.292,104.616,1.343,309.721,0.625,1735.748,45.364,0,0
1991.208,3,1991,259.435,3.865,492.794,5.808,74.408,2.598,127.148,10.814,104.476,1.182,309.591,0.554,1728.081,43.512,0,0
1991.292,4,1991,259.788,3.646,494.174,5.544,75.128,2.621,128.833,11.24,104.526,1.267,309.598,0.583,1719.522,39.952,0,0
1991.375,5,1991,260.129,3.249,495.361,4.877,75.961,2.586,130.006,11.317,104.446,1.161,309.526,0.393,1715.189,32.64,0,0
1991.458,6,1991,261.215,3.87,496.09,5.515,76.104,2.187,129.395,10.951,103.481,0.763,309.357,0.28,1718.877,28.586,0,0
1991.542,7,1991,261.565,3.64,497.43,5.17,76.154,2.464,129.315,10.333,103.801,0.716,309.458,0.196,1724.596,30.298,0,0
1991.625,8,1991,260.614,3.032,497.105,4.592,76.736,2.688,129.545,10.239,104.089,1.193,309.292,0.213,1733.812,32.492,0,0
1991.708,9,1991,260.626,2.771,498.203,4.454,77.396,2.721,129.372,9.675,103.855,1.237,309.355,0.196,1741.02,34.752,0,0
1991.792,10,1991,260.811,2.453,499.06,4.021,78.187,2.956,128.975,9.293,103.83,1.141,309.783,0.278,1744.066,35.953,0,0
1991.875,11,1991,261.129,2.486,499.307,3.939,78.365,2.975,129.398,9.436,103.895,1.137,309.6,0.338,1750.968,40.111,0,0
1991.958,12,1991,262.062,2.56,501.395,4.717,78.93,2.974,131.225,10.996,104.18,1.172,309.957,0.576,1748.155,35.864,0,0
1992.042,1,1992,261.809,2.593,501.753,5.647,78.577,3.174,129.605,10.47,103.99,1.293,309.865,0.424,1732.731,35.65,0,0
1992.125,2,1992,262.693,2.25,503.185,5.275,78.931,2.54,130.133,9.501,103.868,1.042,309.81,0.373,1722.662,27.266,0,0
1992.208,3,1992,262.932,2.162,503.402,4.995,79.831,1.947,130.445,9.736,103.585,0.723,309.862,0.36,1721.739,27.028,0,0
1992.292,4,1992,263.342,2.429,504.307,5.192,80.268,2.008,131.155,10.822,103.567,0.686,309.92,0.37,1732.345,37.577,0,0
1992.375,5,1992,263.688,2.582,505.083,4.927,80.438,2.253,131.631,9.787,104.011,1.029,309.837,0.443,1737.969,34.414,0,0
1992.458,6,1992,264.179,2.54,506.35,5.29,80.393,2.327,131.854,9.405,104.081,1.028,309.943,0.31,1735.837,27.593,0,0
1992.542,7,1992,264.542,2.484,507.487,5.29,80.62,1.868,131.091,8.561,103.965,0.869,309.953,0.202,1730.637,22.787,0,0
1992.625,8,1992,265.743,1.787,509.053,4.634,80.858,1.684,130.62,8.222,104.002,0.704,310.073,0.113,1735.347,24.683,0,0
1992.708,9,1992,265.003,1.969,509.445,4.642,80.968,1.871,129.985,7.668,103.892,0.602,310.158,0.159,1739.084,27.641,0,0
1992.792,10,1992,265.342,2.1,509.872,5.122,81.325,1.85,129.975,8.28,103.888,0.656,310.168,0.241,1743.635,30.865,0,0
1992.875,11,1992,264.851,2.425,510.478,5.047,81.06,2.127,128.905,7.639,103.497,0.671,310.095,0.263,1737.783,30.494,0,0
1992.958,12,1992,265.186,2.189,511.42,4.518,81.6,1.865,129.155,7.86,103.65,0.6,310.348,0.212,1737.499,34.831,0,0
1993.042,1,1993,265.402,2.241,511.665,5.281,81.855,1.829,129.292,8.532,103.6,0.725,310.307,0.139,1733.9,36.932,0,0
1993.125,2,1993,264.979,2.117,511.215,4.727,81.867,1.705,127.815,7.955,103.35,0.63,310.355,0.255,1735.023,38.512,0,0
1993.208,3,1993,265.238,2.12,511.935,4.778,82.083,1.802,128.512,8.262,103.35,0.663,310.362,0.348,1738.381,37.643,0,0
1993.292,4,1993,264.967,2.302,512.065,4.925,81.915,1.795,127.668,8.044,103.223,0.769,310.225,0.413,1736.926,35.923,0,0
1993.375,5,1993,264.901,2.42,512.453,5.217,82.345,1.883,127.397,8.397,103.11,0.821,310.208,0.543,1738.758,36.419,0,0
1993.458,6,1993,264.525,2.211,513.138,5.169,82.712,1.695,127.018,7.8,103.11,0.867,310.15,0.446,1731.438,26.265,0,0
1993.542,7,1993,264.496,2.391,513.8,5.458,82.455,1.664,125.91,7.048,102.768,0.864,310.05,0.402,1730.992,22.543,0,0
1993.625,8,1993,264.815,2.035,514.735,5.088,82.518,1.427,124.397,5.767,102.767,0.58,310.15,0.321,1736.842,25.812,0,0
1993.708,9,1993,265.003,2.078,515.483,5.063,82.364,1.424,123.434,5.474,102.798,0.557,310.304,0.31,1745.401,31.513,0,0
1993.792,10,1993,264.872,2.283,516.466,5.54,82.47,1.374,122.628,5.358,102.78,0.669,310.365,0.5,1756.928,39.782,0,0
1993.875,11,1993,264.664,2.395,516.046,5.458,82.648,1.536,121.041,5.115,102.478,0.669,310.036,0.561,1750.003,37.417,0,0
1993.958,12,1993,265.324,1.942,517.311,4.472,83.348,1.632,121.114,5.304,102.795,0.444,310.378,0.289,1744.781,37.192,0,0
1994.042,1,1994,265.562,1.816,518.344,4.493,83.47,1.522,120.568,5.494,102.838,0.372,310.536,0.255,1745.523,40.528,0,0
1994.125,2,1994,265.578,1.579,518.523,4.293,83.242,1.447,119.059,5.255,102.752,0.465,310.623,0.357,1747.052,40.643,0,0
1994.208,3,1994,265.32,1.693,518.782,4.09,83.011,1.326,117.961,5.464,102.885,0.417,310.691,0.431,1738.102,37.396,7.11,1.5
1994.292,4,1994,265.268,1.748,519.457,3.995,83.201,1.412,117.641,5.896,102.749,0.559,310.814,0.388,1741.291,39.959,7.29,1.6
1994.375,5,1994,265.253,1.756,520.288,3.941,83.224,1.327,117.165,5.762,102.727,0.802,310.987,0.387,1745.204,37.092,7.53,1.49
1994.458,6,1994,264.949,1.677,520.429,3.802,83.11,1.245,115.253,4.586,102.461,0.791,310.856,0.364,1744.29,32.867,7.5,1.08
1994.542,7,1994,265.072,1.91,521.341,4.589,83.06,1.312,114.368,4.515,102.406,1.045,310.836,0.548,1738.598,24.46,7.95,1.19
1994.625,8,1994,264.854,1.842,521.82,4.636,83.055,1.139,113.289,4.059,102.195,1.089,310.795,0.572,1740.755,24.306,7.97,1.13
1994.708,9,1994,265.247,1.754,522.877,4.525,82.92,1.038,112.394,3.859,102.191,1.046,311.01,0.473,1746.476,26.395,8.02,1.17
1994.792,10,1994,265.56,1.708,523.395,4.205,82.916,1.01,111.868,4.311,102.106,0.948,311.184,0.559,1754.365,32.11,8.43,1.43
1994.875,11,1994,265.396,1.841,523.801,4.328,83.201,0.912,111.009,4.449,101.969,0.928,311.344,0.619,1749.412,32.026,8.15,1.58
1994.958,12,1994,265.583,1.705,524.571,4.173,83.589,1.097,109.758,4.383,102.07,0.861,311.409,0.532,1748.003,33.555,7.6,1.57
1995.042,1,1995,265.287,1.762,524.547,4.039,83.725,0.976,108.439,4.357,102.034,0.773,311.492,0.529,1742.937,35.796,7.49,1.61
1995.125,2,1995,265.431,1.502,525.082,3.477,83.742,0.917,107.804,4.381,102.093,0.591,311.622,0.434,1745.749,36.609,7.37,1.86
1995.208,3,1995,265.425,1.433,525.415,3.555,84.018,0.897,107.221,4.814,102.167,0.723,311.719,0.509,1746.238,39.498,7.5,1.86
1995.292,4,1995,265.094,1.56,525.075,3.222,83.828,1.013,106.403,4.584,101.949,0.733,311.639,0.453,1748.789,38.164,7.67,1.8
1995.375,5,1995,265.019,1.503,525.717,3.046,83.599,0.979,105.188,4.136,101.89,0.763,311.721,0.52,1747.285,33.703,7.55,1.32
1995.458,6,1995,264.93,1.408,526.302,3.264,83.603,0.837,104.304,3.798,101.854,0.75,311.736,0.467,1741.135,27.041,7.39,0.91
1995.542,7,1995,264.862,1.228,526.833,3.069,83.609,0.832,103.029,3.171,101.73,0.655,311.716,0.395,1741.688,24.95,7.41,0.84
1995.625,8,1995,264.681,1.123,527.32,3.144,83.604,0.834,101.347,2.403,101.462,0.659,311.688,0.361,1745.084,25.361,7.84,0.93
1995.708,9,1995,264.531,1.038,527.619,2.988,83.532,0.885,100.097,2.088,101.405,0.653,311.841,0.367,1753.688,28.091,8.26,1.19
1995.792,10,1995,264.492,1.155,528.294,3,83.443,0.656,99.68,2.598,101.348,0.756,312.129,0.381,1754.097,30.11,8.31,1.57
1995.875,11,1995,264.551,1.281,529.064,3.289,83.395,0.622,98.009,2.458,101.311,0.756,312.038,0.368,1755.27,33.124,8.4,1.8
1995.958,12,1995,264.569,1.251,529.322,3.141,83.456,0.543,97.127,2.927,101.246,0.676,312.039,0.307,1750.096,35.897,8.03,2.05
1996.042,1,1996,264.593,1.055,530.024,2.737,83.627,0.403,96.331,2.989,101.232,0.467,312.132,0.29,1755.431,37.803,7.67,1.93
1996.125,2,1996,264.594,1.206,530.489,2.925,83.57,0.555,95.661,3.264,101.063,0.474,312.164,0.346,1751.116,36.996,7.28,1.87
1996.208,3,1996,264.572,1.007,531.009,2.317,83.55,0.585,94.53,3.182,101.11,0.377,312.188,0.382,1747.138,37.817,7.25,1.92
1996.292,4,1996,264.619,0.938,531.493,2.434,83.771,0.339,93.35,3.257,100.913,0.492,312.269,0.495,1746.964,37.953,7.18,1.78
1996.375,5,1996,264.784,0.85,532.253,2.437,83.883,0.278,92.89,3.316,100.907,0.519,312.47,0.576,1750.458,34.83,7.7,1.37
1996.458,6,1996,264.617,0.98,532.849,2.67,83.557,0.451,90.924,2.44,100.66,0.561,312.578,0.587,1745.911,28.611,7.71,1.13
1996.542,7,1996,264.45,1.009,533.24,2.805,83.421,0.427,89.183,1.629,100.478,0.552,312.761,0.59,1744.328,24.185,7.73,1.14
1996.625,8,1996,264.227,0.961,533.598,2.942,83.425,0.377,87.446,1.298,100.191,0.592,312.726,0.498,1747.95,25.236,7.92,1.27
1996.708,9,1996,264.122,0.988,533.884,2.965,83.378,0.415,86.274,0.998,100.081,0.647,312.759,0.475,1751.396,27.59,7.93,1.28
1996.792,10,1996,263.97,1.057,534.024,2.946,83.442,0.349,84.731,1.107,99.933,0.703,312.878,0.442,1751.347,27.907,7.81,1.47
1996.875,11,1996,264.129,1.113,534.67,2.939,83.505,0.272,83.766,1.481,100.051,0.743,313.061,0.41,1754.751,32.674,7.86,1.83
1996.958,12,1996,264.065,1.116,534.871,2.844,83.54,0.288,82.961,1.6,99.995,0.691,313.185,0.365,1755.112,35.249,7.8,1.97
1997.042,1,1997,264.016,1.096,535.221,2.795,83.619,0.317,82.14,1.881,99.933,0.608,313.264,0.365,1756.1,37.355,7.97,2.12
1997.125,2,1997,263.76,1.081,535.114,2.607,83.373,0.203,80.94,2.135,99.817,0.557,313.261,0.361,1753.207,37.69,7.72,2.12
1997.208,3,1997,263.689,1.02,535.385,2.333,83.418,0.219,80.114,1.972,99.79,0.528,313.371,0.384,1754.545,33.985,7.68,1.93
1997.292,4,1997,263.513,1.055,535.454,2.433,83.398,0.234,78.833,1.967,99.701,0.575,313.414,0.466,1749.805,34.023,7.41,1.79
1997.375,5,1997,263.269,1.158,535.558,2.633,83.385,0.303,77.991,1.817,99.615,0.661,313.382,0.532,1753.202,33.293,7.65,1.64
1997.458,6,1997,263.107,1.066,535.606,2.658,83.296,0.305,77.09,1.323,99.479,0.699,313.497,0.463,1751.264,27.53,7.71,1.2
1997.542,7,1997,263.051,0.945,536.233,2.668,83.289,0.26,75.714,0.859,99.388,0.645,313.555,0.394,1748.319,23.206,7.58,1.04
1997.625,8,1997,262.949,0.886,536.565,2.686,83.286,0.238,74.426,0.392,99.265,0.659,313.581,0.319,1748.965,21.218,7.6,0.91
1997.708,9,1997,262.895,0.856,536.736,2.601,83.267,0.209,73.229,0.346,99.197,0.621,313.692,0.262,1751.425,22.592,7.62,0.99
1997.792,10,1997,262.842,0.934,536.94,2.591,83.275,0.219,72.035,0.392,99.124,0.645,313.824,0.314,1752.153,24.583,7.55,1.23
1997.875,11,1997,262.874,1.097,537.403,2.861,83.32,0.29,71.362,0.554,99.139,0.731,313.883,0.347,1757.965,30.302,7.89,1.58
1997.958,12,1997,262.856,1.161,537.506,2.765,83.271,0.294,70.493,0.856,99.14,0.715,313.956,0.356,1757.266,33.744,7.88,1.79
1998.042,1,1998,262.836,1.084,537.771,2.481,83.309,0.265,69.592,1.09,99.085,0.656,314.083,0.34,1758.733,34.399,7.87,1.95
1998.125,2,1998,262.424,1.196,537.39,2.653,83.263,0.313,68.412,1.193,98.828,0.684,314.015,0.436,1753.464,38.072,7.68,1.88
1998.208,3,1998,262.301,1.173,537.647,2.511,83.213,0.282,67.442,1.36,98.776,0.62,313.991,0.472,1754.912,37.291,7.51,1.91
1998.292,4,1998,261.965,1.259,537.568,2.593,83.11,0.304,66.691,1.232,98.599,0.691,313.971,0.55,1756.866,38.396,7.63,1.88
1998.375,5,1998,261.866,1.154,537.954,2.38,83.077,0.264,65.74,0.988,98.566,0.724,314.051,0.523,1757.136,32.329,7.56,1.54
1998.458,6,1998,261.631,1.034,538.25,2.301,83.019,0.208,64.778,0.705,98.421,0.742,314.103,0.495,1757.001,27.019,7.72,1.35
1998.542,7,1998,261.458,0.863,538.669,2.219,82.942,0.167,63.73,0.309,98.318,0.722,314.111,0.388,1757.404,22.322,7.77,1.12
1998.625,8,1998,261.242,0.735,538.918,2.05,82.864,0.108,62.639,0.185,98.087,0.641,314.202,0.293,1761.939,22.705,8.02,1.22
1998.708,9,1998,261.241,0.742,539.38,2.002,82.875,0.093,61.581,0.236,98.022,0.599,314.328,0.266,1768.851,27.241,8.05,1.47
1998.792,10,1998,261.211,0.819,539.586,2.031,82.877,0.082,60.727,0.257,97.936,0.61,314.477,0.284,1770.686,29.374,7.92,1.53
1998.875,11,1998,261.406,0.842,540.128,2.049,82.88,0.1,59.809,0.399,98.025,0.594,314.708,0.255,1772.633,32.195,7.81,1.78
1998.958,12,1998,261.345,0.869,540.293,2.006,82.842,0.11,59.09,0.536,97.935,0.548,314.845,0.234,1774.071,34.595,7.89,1.92
1999.042,1,1999,261.325,0.827,540.562,1.969,82.868,0.116,58.423,0.764,97.865,0.477,314.991,0.199,1777.188,36.416,8.04,2.06
1999.125,2,1999,261.195,0.804,540.427,1.88,82.865,0.118,57.608,0.866,97.76,0.47,315.063,0.193,1775.479,35.546,7.86,1.98
1999.208,3,1999,260.814,0.904,540.088,2.021,82.75,0.166,56.696,0.952,97.559,0.51,314.979,0.294,1770.229,38.527,7.51,2
1999.292,4,1999,260.66,0.872,540.203,1.869,82.69,0.16,55.85,0.881,97.477,0.503,315.095,0.313,1772.932,35.065,7.37,1.8
1999.375,5,1999,260.338,0.797,540.151,1.755,82.532,0.147,55.026,0.697,97.32,0.503,315.096,0.336,1770.998,29.972,7.34,1.44
1999.458,6,1999,260.097,0.735,540.226,1.741,82.444,0.112,54.344,0.581,97.162,0.506,315.09,0.301,1769.943,25.597,7.44,1.22
1999.542,7,1999,259.848,0.623,540.443,1.709,82.345,0.061,53.201,0.24,97.003,0.484,315.056,0.231,1765.732,21.668,7.54,1.15
1999.625,8,1999,259.793,0.561,540.793,1.616,82.344,0.052,52.195,0.157,96.931,0.467,315.116,0.181,1765.828,19.716,7.46,1.06
1999.708,9,1999,259.664,0.671,540.901,1.762,82.285,0.079,51.592,0.191,96.702,0.501,315.256,0.275,1771.312,22.818,7.83,1.2
1999.792,10,1999,259.76,0.81,541.333,1.962,82.298,0.08,50.852,0.205,96.759,0.578,315.391,0.304,1774.184,25.917,7.63,1.43
1999.875,11,1999,259.835,0.851,541.641,1.949,82.296,0.069,50.104,0.24,96.769,0.557,315.566,0.304,1774.527,28.483,7.68,1.53
1999.958,12,1999,259.844,0.912,542.024,1.923,82.336,0.066,49.502,0.417,96.794,0.552,315.654,0.28,1774.74,32.457,7.78,1.86
2000.042,1,2000,259.829,0.865,542.301,1.797,82.323,0.07,48.863,0.596,96.742,0.485,315.801,0.236,1776.184,33.852,7.82,1.91
2000.125,2,2000,259.656,0.866,542.279,1.755,82.289,0.099,48.153,0.711,96.656,0.449,315.861,0.254,1773.723,34.822,7.59,1.86
2000.208,3,2000,259.547,0.911,542.42,1.817,82.352,0.115,47.601,0.715,96.602,0.46,315.969,0.335,1774.979,34.697,7.49,1.79
2000.292,4,2000,259.366,0.98,542.488,1.92,82.273,0.123,46.983,0.787,96.533,0.509,315.966,0.394,1776.698,36.351,7.71,1.87
2000.375,5,2000,259.219,0.973,542.524,1.953,82.219,0.148,46.263,0.59,96.475,0.582,316.011,0.445,1773.125,31.135,7.34,1.37
2000.458,6,2000,258.997,1.07,542.661,2.139,82.108,0.17,45.54,0.472,96.364,0.644,316.034,0.517,1769.876,27.297,7.44,1.1
2000.542,7,2000,258.877,0.952,542.909,2.042,82.047,0.192,44.634,0.183,96.266,0.645,316.161,0.481,1766.164,19.952,7.31,0.86
2000.625,8,2000,258.768,0.867,543.209,1.946,81.986,0.145,43.95,0.173,96.166,0.621,316.217,0.385,1769.637,20.895,7.68,1.1
2000.708,9,2000,258.716,0.9,543.39,1.937,81.976,0.159,43.28,0.213,96.066,0.63,316.315,0.386,1772.652,23.702,7.67,1.22
2000.792,10,2000,258.771,0.954,543.801,1.95,81.955,0.147,42.399,0.241,96.019,0.664,316.5,0.346,1774.86,25.874,7.64,1.44
2000.875,11,2000,258.833,0.933,543.9,1.969,81.984,0.141,41.977,0.217,96.111,0.627,316.67,0.36,1774.529,31.184,7.4,1.64
2000.958,12,2000,258.798,0.943,544.03,1.918,81.968,0.172,41.508,0.325,96.096,0.609,316.785,0.357,1775.262,32.646,7.34,1.67
2001.042,1,2001,258.656,0.975,543.965,1.98,81.964,0.178,40.883,0.497,96.036,0.573,316.869,0.384,1772.513,34.599,7.2,1.75
2001.125,2,2001,258.451,0.972,543.964,1.898,81.866,0.21,40.339,0.61,95.936,0.515,316.899,0.389,1774.481,35.36,7.27,1.8
2001.208,3,2001,258.16,0.961,543.782,1.821,81.764,0.218,39.745,0.615,95.795,0.493,316.876,0.445,1771.81,34.88,7.01,1.72
2001.292,4,2001,257.804,0.999,543.528,1.895,81.634,0.202,39.269,0.623,95.663,0.557,316.742,0.504,1774.521,32.963,7.03,1.61
2001.375,5,2001,257.482,0.983,543.384,1.899,81.612,0.166,38.665,0.52,95.498,0.588,316.727,0.556,1773.244,29.269,7.11,1.26
2001.458,6,2001,257.41,0.817,543.67,1.701,81.598,0.114,38.001,0.401,95.515,0.561,316.811,0.435,1772.824,24.008,7.03,1.1
2001.542,7,2001,257.301,0.653,543.819,1.529,81.512,0.079,37.353,0.219,95.423,0.514,316.897,0.358,1771.875,18.822,7.18,1.09
2001.625,8,2001,257.053,0.595,543.804,1.501,81.387,0.051,36.645,0.169,95.266,0.512,316.821,0.291,1770.916,17.097,7.25,0.97
2001.708,9,2001,256.892,0.661,543.897,1.521,81.375,0.068,36.181,0.247,95.137,0.515,316.927,0.312,1776.052,20.065,7.65,1.27
2001.792,10,2001,257.005,0.743,544.199,1.616,81.373,0.054,35.626,0.229,95.132,0.516,317.123,0.346,1774.865,26.687,7.59,1.39
2001.875,11,2001,256.891,0.843,544.325,1.587,81.378,0.068,35.037,0.19,95.138,0.558,317.23,0.33,1773.427,27.156,7.14,1.34
2001.958,12,2001,256.835,0.907,544.501,1.64,81.35,0.076,34.556,0.242,95.116,0.607,317.344,0.308,1776.041,31.68,7.34,1.63
2002.042,1,2002,256.738,0.823,544.623,1.501,81.334,0.096,34.054,0.42,95.069,0.509,317.449,0.258,1773.804,35.225,7.35,1.76
2002.125,2,2002,256.521,0.809,544.492,1.461,81.274,0.106,33.565,0.459,94.967,0.46,317.493,0.295,1771.242,35.596,7.11,1.71
2002.208,3,2002,256.319,0.816,544.435,1.473,81.177,0.104,33.123,0.539,94.871,0.44,317.491,0.343,1774.21,36.888,7.19,1.74
2002.292,4,2002,256,0.884,544.206,1.56,81.018,0.126,32.64,0.541,94.742,0.49,317.453,0.437,1771.196,35.353,7.03,1.64
2002.375,5,2002,255.624,0.873,543.964,1.603,80.889,0.133,32.15,0.416,94.563,0.53,317.392,0.51,1771.187,31.551,7.09,1.33
2002.458,6,2002,255.416,0.803,543.924,1.529,80.765,0.073,31.65,0.316,94.495,0.572,317.377,0.499,1768.821,25.653,7.08,1.06
2002.542,7,2002,255.226,0.673,543.982,1.368,80.734,0.068,31.073,0.171,94.389,0.511,317.428,0.414,1765.892,21.343,7.04,1.01
2002.625,8,2002,255.021,0.632,544.077,1.321,80.499,0.131,30.411,0.151,94.207,0.541,317.526,0.364,1767.736,19.16,7.16,1.02
2002.708,9,2002,254.886,0.658,544.12,1.357,80.462,0.143,30.032,0.164,94.109,0.552,317.594,0.361,1773.147,23.744,7.45,1.27
2002.792,10,2002,254.834,0.767,544.31,1.468,80.43,0.111,29.569,0.179,94.074,0.567,317.718,0.385,1775.762,27.126,7.49,1.54
2002.875,11,2002,254.85,0.846,544.511,1.551,80.434,0.097,29.161,0.184,94.161,0.625,317.814,0.369,1777.497,31.586,7.35,1.67
2002.958,12,2002,254.674,0.958,544.399,1.614,80.397,0.143,28.779,0.267,94.123,0.66,317.831,0.426,1776.166,34.521,7.27,1.79
2003.042,1,2003,254.531,0.899,544.463,1.541,80.34,0.147,28.45,0.34,94.12,0.531,317.933,0.39,1775.065,33.498,7.15,1.78
2003.125,2,2003,254.163,1.011,544.117,1.708,80.219,0.169,28.062,0.452,93.946,0.557,317.858,0.501,1772.342,38.323,7.21,1.95
2003.208,3,2003,254.133,0.904,544.298,1.484,80.198,0.142,27.564,0.471,93.964,0.515,318.092,0.471,1774.281,35.119,7.06,1.75
2003.292,4,2003,253.937,0.979,544.204,1.575,80.09,0.143,27.146,0.483,93.852,0.584,318.151,0.555,1777.3,35.449,7.22,1.63
2003.375,5,2003,253.706,0.936,544.028,1.582,79.941,0.176,26.846,0.41,93.726,0.624,318.135,0.595,1775.819,32.71,7.06,1.41
2003.458,6,2003,253.368,0.891,543.766,1.589,79.843,0.145,26.549,0.255,93.568,0.648,318.096,0.625,1774.813,29.008,7.14,1.17
2003.542,7,2003,253.356,0.677,544.007,1.325,79.873,0.065,26.012,0.175,93.535,0.595,318.214,0.496,1774.308,25.278,7.31,1.15
2003.625,8,2003,253.254,0.48,544.064,1.1,79.88,0.044,25.443,0.111,93.425,0.532,318.262,0.349,1772.724,22.411,7.25,1.07
2003.708,9,2003,253.156,0.509,544.172,1.153,79.857,0.037,25.075,0.128,93.301,0.525,318.372,0.346,1776.639,25.267,7.4,1.23
2003.792,10,2003,253.151,0.583,544.33,1.188,79.846,0.035,24.718,0.116,93.321,0.596,318.498,0.334,1779.77,28.645,7.47,1.41
2003.875,11,2003,253.123,0.65,544.39,1.223,79.716,0.053,24.296,0.155,93.322,0.603,318.617,0.315,1780.055,32.321,7.43,1.6
2003.958,12,2003,253.246,0.748,544.642,1.292,79.584,0.076,23.966,0.219,93.436,0.592,318.85,0.32,1782.283,36.707,7.4,1.79
2004.042,1,2004,252.911,0.804,544.635,1.168,79.579,0.112,23.628,0.265,93.265,0.578,318.911,0.31,1776.484,36.662,7.01,1.86
2004.125,2,2004,252.766,0.769,544.427,1.261,79.582,0.159,23.326,0.351,93.236,0.511,318.902,0.367,1777.23,39.436,7.04,1.93
2004.208,3,2004,252.528,0.749,544.286,1.218,79.398,0.075,22.915,0.369,93.128,0.482,318.963,0.394,1777.05,37.873,7.07,1.81
2004.292,4,2004,252.154,0.783,543.96,1.27,79.206,0.042,22.629,0.404,92.994,0.508,318.906,0.418,1776.294,36.439,7.23,1.52
2004.375,5,2004,251.897,0.799,543.774,1.269,79.07,0.048,22.267,0.386,92.9,0.555,318.856,0.463,1775.398,34.445,7.12,1.39
2004.458,6,2004,251.587,0.759,543.56,1.185,78.968,0.05,21.905,0.251,92.757,0.563,318.858,0.464,1770.852,26.609,7.11,1.06
2004.542,7,2004,251.296,0.629,543.319,1.058,78.905,0.066,21.598,0.155,92.614,0.545,318.817,0.396,1769.049,21.808,7.3,0.99
2004.625,8,2004,251.225,0.52,543.591,0.798,78.887,0.102,21.148,0.114,92.556,0.484,318.971,0.258,1770.741,21.442,7.19,1.28
2004.708,9,2004,251.001,0.555,543.414,0.835,78.849,0.059,20.853,0.112,92.347,0.474,318.948,0.231,1775.027,24.498,7.07,1.25
2004.792,10,2004,250.963,0.646,543.518,0.944,78.868,0.058,20.56,0.123,92.316,0.473,319.087,0.277,1775.958,26.968,7.23,1.5
2004.875,11,2004,250.989,0.691,543.694,1.025,78.886,0.064,20.247,0.13,92.342,0.453,319.286,0.289,1775.394,28.404,7.15,1.6
2004.958,12,2004,250.918,0.798,543.711,1.174,78.83,0.089,20.017,0.165,92.337,0.475,319.348,0.317,1775.449,34.629,7.2,1.8
2005.042,1,2005,250.881,0.772,543.739,1.118,78.817,0.086,19.758,0.22,92.354,0.389,319.468,0.297,1776.512,35.02,7.18,1.82
2005.125,2,2005,250.504,0.901,543.426,1.333,78.701,0.123,19.503,0.269,92.196,0.416,319.378,0.421,1772.241,38.725,7.06,1.87
2005.208,3,2005,250.4,0.873,543.511,1.237,78.693,0.08,19.2,0.276,92.217,0.353,319.473,0.444,1772.466,35.357,6.84,1.7
2005.292,4,2005,249.996,0.857,543.301,1.325,78.658,0.123,18.92,0.295,92.176,0.435,319.49,0.514,1772.325,34.96,6.72,1.55
2005.375,5,2005,249.715,0.91,543.132,1.402,78.559,0.183,18.704,0.254,92.002,0.543,319.479,0.587,1771.889,32.339,6.94,1.26
2005.458,6,2005,249.537,0.735,543.169,1.143,78.49,0.172,18.339,0.209,91.883,0.438,319.68,0.489,1769.834,26.79,6.82,1
2005.542,7,2005,249.204,0.646,542.886,1.042,78.448,0.193,18.069,0.111,91.801,0.526,319.682,0.487,1769.806,23.563,7.17,1.01
2005.625,8,2005,248.973,0.473,542.828,0.856,78.393,0.121,17.756,0.101,91.698,0.492,319.762,0.399,1772.279,23.436,7.31,1.14
2005.708,9,2005,248.882,0.465,542.904,0.831,78.249,0.052,17.471,0.105,91.613,0.465,319.848,0.328,1777.228,26.69,7.52,1.35
2005.792,10,2005,248.821,0.499,542.928,0.843,78.244,0.054,17.192,0.106,91.578,0.474,319.977,0.28,1778.148,28.093,7.44,1.48
2005.875,11,2005,248.834,0.545,543.04,0.89,78.197,0.056,16.916,0.123,91.575,0.461,320.117,0.252,1778.01,30.121,7.33,1.59
2005.958,12,2005,248.79,0.641,543.065,1.029,78.141,0.103,16.693,0.192,91.532,0.484,320.176,0.261,1780.288,35.963,7.55,1.84
2006.042,1,2006,248.595,0.609,542.963,0.997,78.097,0.121,16.468,0.221,91.451,0.401,320.266,0.254,1780.445,36.063,7.31,1.89
2006.125,2,2006,248.41,0.612,542.848,0.981,78.108,0.088,16.229,0.237,91.384,0.325,320.368,0.266,1780.321,35.491,7.17,1.82
2006.208,3,2006,247.869,0.685,542.356,1.01,78.041,0.073,15.998,0.251,91.234,0.348,320.274,0.351,1772.746,37.467,6.72,1.74
2006.292,4,2006,247.561,0.703,542.018,1.006,77.954,0.063,15.84,0.284,91.131,0.398,320.225,0.384,1771.986,36.363,6.78,1.64
2006.375,5,2006,247.398,0.605,541.881,0.847,77.966,0.061,15.621,0.246,91.082,0.384,320.347,0.349,1773.418,31.819,6.78,1.44
2006.458,6,2006,247.07,0.626,541.529,0.773,77.837,0.073,15.385,0.197,90.898,0.435,320.284,0.365,1770.827,28.057,6.93,1.21
2006.542,7,2006,246.859,0.589,541.266,0.683,77.857,0.099,15.092,0.095,90.772,0.46,320.35,0.365,1770.142,23.864,7.15,1.18
2006.625,8,2006,246.509,0.533,540.919,0.604,77.537,0.112,14.861,0.064,90.516,0.417,320.266,0.31,1769.458,21.947,7.2,1.13
2006.708,9,2006,246.385,0.502,540.879,0.571,77.557,0.073,14.548,0.122,90.373,0.368,320.4,0.283,1773.8,24.426,7.33,1.28
2006.792,10,2006,246.371,0.64,540.899,0.737,77.553,0.051,14.356,0.121,90.332,0.41,320.49,0.307,1775.33,25.833,7.45,1.5
2006.875,11,2006,246.371,0.639,540.822,0.811,77.566,0.041,14.13,0.082,90.347,0.469,320.593,0.324,1776.991,31.036,7.27,1.55
2006.958,12,2006,246.377,0.698,540.845,0.898,77.546,0.044,13.978,0.095,90.343,0.433,320.762,0.33,1778.623,34.667,7.49,1.87
2007.042,1,2007,246.185,0.702,540.62,0.968,77.506,0.057,13.722,0.149,90.188,0.38,320.864,0.416,1774.415,37.805,7.27,1.9
2007.125,2,2007,246.156,0.61,540.6,0.839,77.498,0.073,13.531,0.199,90.185,0.294,321.008,0.337,1778.395,35.443,7.36,1.75
2007.208,3,2007,245.907,0.685,540.321,0.941,77.388,0.07,13.397,0.214,90.061,0.325,320.992,0.401,1779.463,36.439,7.36,1.74
2007.292,4,2007,245.644,0.753,540.016,1.019,77.199,0.063,13.221,0.234,89.957,0.37,321.033,0.534,1777.67,36.667,7.09,1.62
2007.375,5,2007,245.449,0.776,539.701,0.938,77.097,0.067,13.033,0.213,89.916,0.431,321.062,0.566,1779.74,33.668,7.24,1.46
2007.458,6,2007,245.206,0.788,539.092,0.95,76.944,0.086,12.806,0.151,89.695,0.478,320.969,0.55,1778.052,28.359,7.35,1.18
2007.542,7,2007,245.042,0.696,538.943,0.781,76.847,0.139,12.567,0.096,89.607,0.458,320.959,0.447,1775.852,23.777,7.38,1.03
2007.625,8,2007,244.796,0.555,538.805,0.716,76.839,0.124,12.333,0.068,89.584,0.441,321.031,0.393,1777.73,22.979,7.42,1
2007.708,9,2007,244.65,0.567,538.666,0.734,76.776,0.131,12.112,0.072,89.383,0.419,321.203,0.399,1785.29,25.929,7.56,1.19
2007.792,10,2007,244.649,0.561,538.772,0.678,76.783,0.128,11.903,0.082,89.421,0.406,321.429,0.324,1787.346,28.488,7.34,1.35
2007.875,11,2007,244.691,0.585,538.799,0.714,76.807,0.075,11.718,0.098,89.47,0.387,321.689,0.277,1789.213,29.747,7.29,1.47
2007.958,12,2007,244.487,0.65,538.575,0.786,76.723,0.07,11.606,0.136,89.379,0.405,321.69,0.302,1788.026,33.941,7.39,1.71
2008.042,1,2008,244.392,0.614,538.5,0.762,76.792,0.046,11.48,0.167,89.317,0.35,321.865,0.265,1790.312,34.934,7.43,1.8
2008.125,2,2008,244.141,0.616,538.246,0.799,76.776,0.054,11.333,0.218,89.169,0.307,321.883,0.304,1787.53,39.014,7.36,2.01
2008.208,3,2008,243.819,0.64,537.857,0.818,76.645,0.079,11.175,0.232,89.039,0.327,321.836,0.333,1788.625,39.253,7.25,1.86
2008.292,4,2008,243.55,0.633,537.529,0.79,76.588,0.071,11.001,0.177,88.947,0.322,321.896,0.413,1784.232,35.047,6.97,1.69
2008.375,5,2008,243.418,0.607,537.364,0.72,76.524,0.047,10.916,0.152,88.897,0.34,322.042,0.44,1787.811,34.082,7.2,1.65
2008.458,6,2008,243.233,0.526,537.177,0.617,76.435,0.053,10.758,0.145,88.826,0.386,322.086,0.36,1785.374,27.066,7.12,1.23
2008.542,7,2008,242.954,0.583,536.867,0.671,76.367,0.063,10.625,0.09,88.681,0.482,322.044,0.414,1783.529,22.936,7.2,1.06
2008.625,8,2008,242.754,0.521,536.603,0.59,76.252,0.089,10.417,0.067,88.527,0.48,322.048,0.357,1784.574,22.172,7.28,1.01
2008.708,9,2008,242.672,0.526,536.524,0.585,76.196,0.092,10.278,0.076,88.415,0.448,322.19,0.338,1789.649,25.572,7.48,1.32
2008.792,10,2008,242.799,0.558,536.663,0.59,76.189,0.053,10.128,0.073,88.527,0.439,322.373,0.285,1791.105,28.983,7.35,1.48
2008.875,11,2008,242.888,0.663,536.65,0.648,76.197,0.047,10.007,0.069,88.595,0.473,322.553,0.256,1796.585,33.263,7.67,1.88
2008.958,12,2008,242.834,0.658,536.571,0.664,76.175,0.042,9.845,0.074,88.539,0.427,322.697,0.247,1797.769,35.879,7.65,1.97
2009.042,1,2009,242.58,0.564,536.389,0.654,76.14,0.052,9.718,0.105,88.417,0.348,322.798,0.247,1793.367,35.395,7.3,1.77
2009.125,2,2009,242.305,0.559,536.039,0.637,76.022,0.09,9.581,0.128,88.306,0.29,322.754,0.242,1793,37.543,7,1.67
2009.208,3,2009,241.977,0.552,535.589,0.63,75.965,0.1,9.444,0.153,88.161,0.322,322.713,0.261,1793.205,37.649,6.84,1.65
2009.292,4,2009,241.692,0.593,535.187,0.642,75.847,0.079,9.289,0.15,87.916,0.283,322.697,0.358,1792.501,38.217,6.83,1.61
2009.375,5,2009,241.483,0.584,534.903,0.594,75.778,0.077,9.13,0.152,87.808,0.302,322.781,0.394,1792.112,33.111,6.77,1.35
2009.458,6,2009,241.285,0.617,534.562,0.583,75.683,0.051,9.004,0.109,87.658,0.349,322.718,0.405,1789.01,28.589,6.86,1.13
2009.542,7,2009,241.077,0.527,534.355,0.478,75.619,0.042,8.865,0.073,87.555,0.345,322.783,0.371,1787.95,24.428,6.89,1.11
2009.625,8,2009,240.972,0.516,534.109,0.408,75.54,0.044,8.724,0.058,87.371,0.353,322.831,0.319,1790.446,23.319,7.09,1.18
2009.708,9,2009,240.997,0.61,534.024,0.423,75.489,0.051,8.583,0.061,87.199,0.322,322.969,0.308,1794.649,25.979,7.3,1.27
2009.792,10,2009,240.925,0.728,533.929,0.579,75.475,0.044,8.479,0.062,87.14,0.34,323.101,0.381,1795.144,28.351,7.44,1.49
2009.875,11,2009,240.938,0.672,533.745,0.623,75.488,0.042,8.383,0.062,87.063,0.346,323.224,0.316,1793.168,30.302,7.17,1.58
2009.958,12,2009,240.956,0.695,533.684,0.706,75.537,0.05,8.28,0.058,87.039,0.394,323.352,0.31,1794.606,35.898,7.17,1.87
2010.042,1,2010,240.821,0.665,533.544,0.737,75.509,0.042,8.123,0.093,86.972,0.361,323.498,0.321,1792.636,36.855,6.99,1.9
2010.125,2,2010,240.458,0.725,533.142,0.852,75.404,0.082,7.974,0.113,86.786,0.371,323.495,0.408,1788.944,37.321,6.9,1.78
2010.208,3,2010,240.303,0.644,532.957,0.723,75.346,0.076,7.842,0.143,86.716,0.322,323.544,0.355,1790.912,37.703,6.89,1.86
2010.292,4,2010,240.185,0.622,532.849,0.705,75.312,0.075,7.786,0.139,86.715,0.335,323.668,0.345,1797.68,36.428,7.04,1.84
2010.375,5,2010,239.977,0.566,532.655,0.659,75.226,0.047,7.596,0.208,86.623,0.375,323.731,0.347,1796.692,32.067,7.14,1.74
2010.458,6,2010,239.705,0.48,532.313,0.516,75.135,0.066,7.302,0.272,86.459,0.403,323.734,0.324,1793.814,27.198,7.15,1.49
2010.542,7,2010,239.428,0.445,532.001,0.477,75.004,0.088,7.475,0.059,86.267,0.416,323.79,0.358,1792.567,23.679,7.4,1.37
2010.625,8,2010,239.086,0.399,531.539,0.433,74.886,0.101,7.348,0.048,86.056,0.415,323.7,0.263,1793.711,21.768,7.56,1.41
2010.708,9,2010,238.927,0.471,531.407,0.532,74.826,0.072,7.243,0.05,85.957,0.432,323.81,0.299,1798.327,24.407,7.56,1.41
2010.792,10,2010,238.99,0.583,531.48,0.597,74.826,0.063,7.134,0.05,85.963,0.472,324.061,0.237,1803.519,26.581,7.62,1.58
2010.875,11,2010,238.819,0.677,531.387,0.614,74.865,0.066,7.064,0.05,85.982,0.455,324.162,0.228,1804.435,30.347,7.75,1.81
2010.958,12,2010,238.708,0.701,531.211,0.683,74.819,0.07,6.985,0.054,85.924,0.449,324.258,0.23,1805.486,34.2,7.75,1.97
2011.042,1,2011,238.514,0.679,531.001,0.75,74.776,0.053,0,0,85.851,0.398,324.381,0.224,1803.282,35.823,7.63,2.04
2011.125,2,2011,238.295,0.644,530.718,0.78,74.772,0.071,0,0,85.766,0.323,324.445,0.238,1802.387,36.897,7.42,2
2011.208,3,2011,238.061,0.657,530.389,0.812,74.666,0.057,0,0,85.671,0.364,324.403,0.281,1801.99,37.189,7.29,1.9
2011.292,4,2011,237.755,0.655,530.115,0.718,74.7,0.056,0,0,85.639,0.35,324.444,0.319,1801.813,36.789,7.2,1.79
2011.375,5,2011,237.531,0.688,529.953,0.669,74.69,0.08,0,0,85.529,0.426,324.553,0.391,1801.098,32.917,7.18,1.5
2011.458,6,2011,237.2,0.642,529.57,0.588,74.606,0.099,0,0,85.379,0.451,324.547,0.362,1798.129,25.952,7.13,1.16
2011.542,7,2011,236.89,0.623,529.245,0.534,0,0,0,0,85.216,0.462,324.626,0.379,1797.625,21.215,7.33,1.08
2011.625,8,2011,236.743,0.481,529.041,0.391,0,0,0,0,85.102,0.394,324.696,0.288,1799.437,20.059,7.52,1.06
2011.708,9,2011,236.738,0.509,528.93,0.421,0,0,0,0,85.02,0.365,324.844,0.291,1804.688,23.068,7.61,1.41
2011.792,10,2011,236.686,0.637,528.826,0.571,0,0,0,0,84.98,0.449,324.932,0.339,1807.966,27.472,7.67,1.51
2011.875,11,2011,236.669,0.644,528.746,0.601,0,0,0,0,84.953,0.417,325.157,0.302,1810.175,30.926,7.66,1.72
2011.958,12,2011,236.501,0.715,528.554,0.721,0,0,0,0,84.867,0.425,325.229,0.356,1807.88,33.189,7.63,1.81
2012.042,1,2012,236.411,0.68,528.528,0.689,0,0,0,0,84.806,0.409,325.38,0.304,1809.306,35.901,7.76,1.84
2012.125,2,2012,236.336,0.582,528.371,0.623,0,0,0,0,84.746,0.345,325.516,0.263,1811.228,36.541,7.68,1.81
2012.208,3,2012,236.05,0.606,527.999,0.687,0,0,0,0,84.626,0.372,325.493,0.317,1809.19,37.834,7.38,1.85
2012.292,4,2012,235.879,0.526,527.787,0.544,0,0,0,0,84.549,0.376,325.554,0.32,1808.062,37.428,7.45,1.77
2012.375,5,2012,235.465,0.6,527.149,0.614,0,0,0,0,84.302,0.461,325.462,0.484,1809.216,34.392,7.61,1.44
2012.458,6,2012,235.315,0.466,526.909,0.454,0,0,0,0,84.222,0.418,325.54,0.439,1804.564,26.718,7.34,1.09
2012.542,7,2012,235.05,0.296,526.431,0.174,0,0,0,0,84.032,0.383,325.564,0.342,1802.193,21.681,7.48,1.05
2012.625,8,2012,234.868,0.272,526.063,0.115,0,0,0,0,83.897,0.359,325.592,0.25,1806.888,22.423,7.59,1.16
2012.708,9,2012,234.847,0.363,525.898,0.134,0,0,0,0,83.785,0.37,325.67,0.248,1810.33,25.17,7.82,1.38
2012.792,10,2012,234.866,0.487,525.817,0.231,0,0,0,0,83.777,0.402,325.867,0.196,1811.298,27.481,7.78,1.53
2012.875,11,2012,234.92,0.613,525.756,0.329,0,0,0,0,83.855,0.47,326.007,0.18,1815.65,32.865,7.93,1.93
2012.958,12,2012,234.867,0.69,525.631,0.465,0,0,0,0,83.832,0.474,326.126,0.233,1815.283,36.06,7.9,2.11
2013.042,1,2013,234.693,0.715,525.426,0.582,0,0,0,0,83.734,0.428,326.248,0.289,1815.644,36.323,7.94,2.21
2013.125,2,2013,234.427,0.71,525.154,0.64,0,0,0,0,83.607,0.374,326.309,0.364,1814.259,38.638,7.94,2.22
2013.208,3,2013,234.245,0.669,525.01,0.688,0,0,0,0,83.508,0.349,326.411,0.39,1814.148,39.265,7.7,2.15
2013.292,4,2013,233.973,0.679,524.766,0.796,0,0,0,0,83.416,0.412,326.412,0.455,1812.7,37.782,7.63,2.01
2013.375,5,2013,233.799,0.668,524.519,0.75,0,0,0,0,83.337,0.448,326.464,0.476,1811.852,33.644,7.62,1.72
2013.458,6,2013,233.756,0.717,524.108,0.603,0,0,0,0,83.277,0.489,326.524,0.455,1810.271,28.6,7.7,1.61
2013.542,7,2013,233.573,0.629,523.76,0.421,0,0,0,0,83.112,0.454,326.689,0.487,1810.226,24.072,7.85,1.43
2013.625,8,2013,233.262,0.579,523.471,0.254,0,0,0,0,82.98,0.402,326.592,0.293,1810.34,22.01,7.54,1.26
2013.708,9,2013,233.226,0.604,523.31,0.255,0,0,0,0,82.836,0.396,326.679,0.275,1814.335,24.182,7.79,1.42
2013.792,10,2013,233.327,0.768,523.299,0.41,0,0,0,0,82.754,0.408,326.91,0.364,1818.392,28.207,8.18,1.9
2013.875,11,2013,233.335,0.869,523.115,0.455,0,0,0,0,82.739,0.433,327.016,0.358,1819.757,32.848,8.44,2.27
2013.958,12,2013,233.285,0.89,522.976,0.553,0,0,0,0,82.693,0.393,327.131,0.347,1820.616,36.421,8.72,2.67
2014.042,1,2014,233.188,0.815,522.819,0.595,0,0,0,0,82.635,0.328,327.323,0.36,1821.73,36.403,8.68,2.58
2014.125,2,2014,232.869,0.804,522.644,0.768,0,0,0,0,82.52,0.281,327.287,0.395,1817.854,38.758,8.39,2.46
2014.208,3,2014,232.655,0.806,522.335,0.805,0,0,0,0,82.413,0.303,327.332,0.457,1817.878,36.605,8.21,2.27
2014.292,4,2014,232.439,0.959,521.917,0.933,0,0,0,0,82.3,0.392,327.348,0.586,1819.889,39.129,8.62,2.57
2014.375,5,2014,232.295,0.98,521.745,0.826,0,0,0,0,82.313,0.37,327.407,0.585,1819.453,33.866,8.54,2.23
2014.458,6,2014,232.182,1.029,521.476,0.775,0,0,0,0,82.251,0.392,327.57,0.625,1820.22,27.973,8.49,1.9
2014.542,7,2014,232.155,0.904,521.364,0.604,0,0,0,0,82.183,0.352,327.746,0.519,1819.776,22.485,8.3,1.58
2014.625,8,2014,231.943,0.926,521.083,0.48,0,0,0,0,82.097,0.393,327.744,0.447,1822.84,23.381,8.29,1.47
2014.708,9,2014,231.888,1.021,520.968,0.532,0,0,0,0,82.018,0.401,327.869,0.451,1827.573,27.557,8.69,1.79
2014.792,10,2014,231.917,1.076,520.861,0.538,0,0,0,0,81.961,0.407,328.015,0.424,1828.177,28.24,8.85,2.11
2014.875,11,2014,232,1.148,520.747,0.581,0,0,0,0,81.951,0.402,328.09,0.354,1832.872,33.513,9.05,2.43
2014.958,12,2014,231.791,1.181,520.443,0.638,0,0,0,0,81.838,0.407,328.147,0.364,1830.208,36.748,8.73,2.49
2015.042,1,2015,231.724,1.026,520.275,0.569,0,0,0,0,81.791,0.346,328.34,0.287,1831.113,36.514,8.67,2.65
2015.125,2,2015,231.451,0.968,519.962,0.555,0,0,0,0,81.691,0.308,328.392,0.326,1829.946,37.297,8.45,2.48
2015.208,3,2015,231.228,0.936,519.591,0.585,0,0,0,0,81.585,0.32,328.417,0.365,1832.246,36.843,8.37,2.35
2015.292,4,2015,231.11,0.9,519.208,0.621,0,0,0,0,81.394,0.395,328.471,0.437,1832.578,38.133,8.26,2.38
2015.375,5,2015,230.912,0.982,518.753,0.613,0,0,0,0,81.22,0.422,328.43,0.521,1830.489,34.724,8.73,2.43
2015.458,6,2015,230.711,0.953,518.292,0.531,0,0,0,0,81.1,0.442,328.437,0.509,1831.081,29.581,8.77,2.07
2015.542,7,2015,230.496,0.878,517.827,0.366,0,0,0,0,80.938,0.426,328.383,0.444,1830.867,24.575,8.61,1.77
2015.625,8,2015,230.374,0.844,517.48,0.277,0,0,0,0,80.766,0.412,328.387,0.367,1833.086,23.334,8.52,1.62
2015.708,9,2015,230.37,0.878,517.344,0.31,0,0,0,0,80.683,0.404,328.528,0.373,1836.476,26.271,8.73,1.86
2015.792,10,2015,230.474,1.056,517.22,0.405,0,0,0,0,80.635,0.436,328.695,0.41,1837.243,27.614,9.01,2.16
2015.875,11,2015,230.564,1.122,517.042,0.454,0,0,0,0,80.664,0.443,328.804,0.391,1841.367,34.021,8.99,2.53
2015.958,12,2015,230.429,1.084,516.843,0.532,0,0,0,0,80.607,0.425,328.962,0.417,1841.678,37.171,9.09,2.78
2016.042,1,2016,230.218,1.051,516.515,0.603,0,0,0,0,80.493,0.394,329.027,0.439,1838.574,39.372,8.75,2.75
2016.125,2,2016,230.047,0.975,516.185,0.561,0,0,0,0,80.364,0.335,329.139,0.436,1838.489,41.4,8.63,2.71
2016.208,3,2016,229.841,0.935,515.822,0.601,0,0,0,0,80.279,0.324,329.158,0.445,1838.606,38.713,8.53,2.46
2016.292,4,2016,229.618,1.017,515.407,0.645,0,0,0,0,80.146,0.354,329.166,0.541,1838.847,36.335,8.86,2.53
2016.375,5,2016,229.448,1.114,514.982,0.666,0,0,0,0,80.067,0.401,329.221,0.613,1840.763,34.05,9.04,2.32
2016.458,6,2016,229.272,1.139,514.548,0.643,0,0,0,0,79.966,0.447,329.233,0.638,1838.97,28.863,9.01,1.99
2016.542,7,2016,229.247,1.009,514.173,0.408,0,0,0,0,79.896,0.397,329.362,0.558,1839.375,25.113,8.56,1.58
2016.625,8,2016,229.095,0.868,513.875,0.196,0,0,0,0,79.711,0.343,329.481,0.451,1840.474,24.999,8.69,1.76
2016.708,9,2016,228.98,0.85,513.47,0.151,0,0,0,0,79.567,0.335,329.488,0.357,1846.526,29.13,9.03,2.03
2016.792,10,2016,229.039,0.987,513.235,0.237,0,0,0,0,79.545,0.385,329.613,0.38,1846.772,30.329,8.88,2.24
2016.875,11,2016,229.111,1.103,513.043,0.366,0,0,0,0,79.466,0.42,329.684,0.387,1846.746,34.339,9.08,2.63
2016.958,12,2016,229.156,1.173,512.993,0.475,0,0,0,0,79.471,0.431,329.858,0.393,1849.181,39.294,9.79,3.15
2017.042,1,2017,229.062,1.063,512.851,0.508,0,0,0,0,79.442,0.39,329.98,0.346,1852.623,40.999,9.43,3.43
2017.125,2,2017,228.75,0.972,512.587,0.568,0,0,0,0,79.303,0.358,330.017,0.382,1847.454,37.119,8.96,3.08
2017.208,3,2017,228.456,1.039,512.25,0.644,0,0,0,0,79.17,0.388,329.95,0.454,1845.836,41.342,9.23,3.14
2017.292,4,2017,228.345,1.02,512.033,0.669,0,0,0,0,79.127,0.412,330.056,0.517,1847.814,38.679,9.2,2.98
2017.375,5,2017,228.206,1.077,511.753,0.636,0,0,0,0,79.084,0.435,330.136,0.533,1846.732,34.69,9.36,2.84
2017.458,6,2017,228.093,1.062,511.337,0.516,0,0,0,0,78.988,0.528,330.129,0.502,1842.842,28.473,9.32,2.36
2017.542,7,2017,228.164,1.065,511.061,0.334,0,0,0,0,78.95,0.526,330.317,0.461,1845.81,25.588,9.67,2.31
2017.625,8,2017,228.111,1.076,510.811,0.354,0,0,0,0,78.82,0.512,330.44,0.474,1846.6,22.879,9.66,2.17
2017.708,9,2017,227.984,0.907,510.69,0.336,0,0,0,0,78.76,0.456,330.531,0.359,1852.53,28.041,9.64,2.23
2017.792,10,2017,228.23,0.972,510.689,0.35,0,0,0,0,78.78,0.482,330.76,0.314,1856.908,30.501,9.98,2.74
2017.875,11,2017,228.257,1.023,510.53,0.438,0,0,0,0,78.796,0.455,330.916,0.311,1857.277,33.555,10.08,2.86
2017.958,12,2017,228.257,1.021,510.421,0.494,0,0,0,0,78.769,0.435,331.094,0.291,1857.715,36.71,9.96,3.37
2018.042,1,2018,228.1,0.946,510.201,0.539,0,0,0,0,78.692,0.39,331.212,0.285,1856.042,36.935,9.7,3.46
2018.125,2,2018,228.029,0.966,509.952,0.576,0,0,0,0,78.666,0.407,331.294,0.298,1856.954,37.827,9.97,3.69
2018.208,3,2018,227.804,0.826,509.721,0.522,0,0,0,0,78.607,0.377,331.385,0.337,1856.311,37.629,9.12,3.23
2018.292,4,2018,227.647,0.9,509.333,0.506,0,0,0,0,78.527,0.427,331.401,0.409,1857.308,38.318,9.92,3.09
2018.375,5,2018,227.512,0.955,508.903,0.384,0,0,0,0,78.471,0.472,331.428,0.465,1857.214,33.997,10.02,2.81
2018.458,6,2018,227.333,0.836,508.488,0.233,0,0,0,0,78.395,0.46,331.479,0.402,1854.447,28.31,9.5,2.33
2018.542,7,2018,227.132,0.768,507.916,0.104,0,0,0,0,78.219,0.422,331.395,0.325,1855.763,23.703,9.49,2.07
2018.625,8,2018,227.046,0.737,507.663,0.092,0,0,0,0,78.137,0.445,331.445,0.304,1855.65,21.142,9.08,1.62
2018.708,9,2018,226.989,0.789,507.464,0.124,0,0,0,0,77.984,0.442,331.538,0.329,1863.487,26.695,9.07,1.62
2018.792,10,2018,227.189,0.862,507.472,0.186,0,0,0,0,78.013,0.453,331.842,0.348,1863.793,29.284,8.74,1.79
2018.875,11,2018,227.252,0.923,507.321,0.241,0,0,0,0,78.01,0.449,331.966,0.33,1867.282,34.499,8.71,2.04
2018.958,12,2018,227.328,0.978,507.151,0.279,0,0,0,0,78.014,0.421,332.121,0.316,1865.227,37.098,8.74,2.34
2019.042,1,2019,227.203,0.907,506.913,0.359,0,0,0,0,77.936,0.37,332.242,0.339,1864.351,35.051,8.36,2.2
2019.125,2,2019,226.907,0.895,506.527,0.456,0,0,0,0,77.811,0.365,332.218,0.388,1862.927,37.237,8.41,2.29
2019.208,3,2019,226.698,0.891,506.032,0.421,0,0,0,0,77.712,0.393,332.167,0.419,1862.604,39.086,8.32,2.34
2019.292,4,2019,226.431,0.929,505.609,0.48,0,0,0,0,77.593,0.419,332.16,0.516,1864.096,39.718,8.85,2.72
2019.375,5,2019,226.152,0.843,505.099,0.347,0,0,0,0,77.542,0.451,332.155,0.524,1862.306,34.06,8.9,2.45
2019.458,6,2019,226.03,0.862,504.635,0.341,0,0,0,0,77.459,0.505,332.187,0.501,1861.345,28.652,8.69,1.98
2019.542,7,2019,225.666,0.646,504.1,0.197,0,0,0,0,77.308,0.497,332.186,0.374,1860.626,24.417,8.3,1.53
2019.625,8,2019,225.455,0.444,503.628,0.135,0,0,0,0,77.181,0.408,332.264,0.235,1864.415,24.333,8.37,1.6
2019.708,9,2019,225.345,0.578,503.323,0.115,0,0,0,0,77.021,0.44,332.318,0.292,1870.348,27.625,8.81,1.72
2019.792,10,2019,225.304,0.611,503.157,0.15,0,0,0,0,76.975,0.449,332.504,0.299,1874.219,32.017,8.66,1.91
2019.875,11,2019,225.271,0.649,503.022,0.24,0,0,0,0,76.919,0.427,332.712,0.373,1877.489,36.008,8.66,2.19
2019.958,12,2019,225.03,0.685,502.679,0.374,0,0,0,0,76.854,0.422,332.74,0.413,1872.389,40.028,8.61,2.49
2020.042,1,2020,224.758,0.717,502.339,0.486,0,0,0,0,76.749,0.414,332.753,0.434,1867.943,42.786,8.66,2.75
2020.125,2,2020,224.479,0.743,501.955,0.613,0,0,0,0,76.639,0.402,332.849,0.543,1868.066,45.632,8.32,2.73
2020.208,3,2020,224.183,0.726,501.469,0.629,0,0,0,0,76.541,0.403,332.854,0.575,1869.215,45.506,8.29,2.61
